/*datos prueba para adquisiciones*/
INSERT INTO ADQUISICIONES.ADM_USUARIO(COD_USUARIO,APODO,CLAVE,USUARIO,NOMBRE_RESUMEN,ESTADO)
VALUES(ADQUISICIONES.SEC_COD_USUARIO.NEXTVAL,'unidad','unidad','unidad ejecutora','unid.ejec','V');
INSERT INTO ADQUISICIONES.ADM_USR_ROL(COD_USUARIO,COD_ROL)
VALUES(2,3);

INSERT INTO ADQUISICIONES.ADM_USUARIO(COD_USUARIO,APODO,CLAVE,USUARIO,NOMBRE_RESUMEN,ESTADO)
VALUES(ADQUISICIONES.SEC_COD_USUARIO.NEXTVAL,'almacen','almacen','usuario almacen central','alm','V');
INSERT INTO ADQUISICIONES.ADM_USR_ROL(COD_USUARIO,COD_ROL)
VALUES(3,2);

INSERT INTO ADQUISICIONES.ADM_USUARIO(COD_USUARIO,APODO,CLAVE,USUARIO,NOMBRE_RESUMEN,ESTADO)
VALUES(ADQUISICIONES.SEC_COD_USUARIO.NEXTVAL,'ppto','ppto','presupuesto','u.ppto','V');
INSERT INTO ADQUISICIONES.ADM_USR_ROL(COD_USUARIO,COD_ROL)
VALUES(4,4);

INSERT INTO ADQUISICIONES.ADM_USUARIO(COD_USUARIO,APODO,CLAVE,USUARIO,NOMBRE_RESUMEN,ESTADO)
VALUES(ADQUISICIONES.SEC_COD_USUARIO.NEXTVAL,'adqui','adqui','usuario adquisiciones','adq','V');
INSERT INTO ADQUISICIONES.ADM_USR_ROL(COD_USUARIO,COD_ROL)
VALUES(5,5);

INSERT INTO ADQUISICIONES.ADM_USUARIO(COD_USUARIO,APODO,CLAVE,USUARIO,NOMBRE_RESUMEN,ESTADO)
VALUES(ADQUISICIONES.SEC_COD_USUARIO.NEXTVAL,'juridica','juridica','asesoria juridica','ases.jurid.','V');
INSERT INTO ADQUISICIONES.ADM_USR_ROL(COD_USUARIO,COD_ROL)
VALUES(6,7);

INSERT INTO ADQUISICIONES.ADM_WORKFLOW_USR
VALUES(2,1,'B');
INSERT INTO ADQUISICIONES.ADM_WORKFLOW_USR
VALUES(3,1,'ALM');
INSERT INTO ADQUISICIONES.ADM_WORKFLOW_USR
VALUES(4,1,'PPTO');
INSERT INTO ADQUISICIONES.ADM_WORKFLOW_USR
VALUES(5,1,'ADQ');
INSERT INTO ADQUISICIONES.ADM_WORKFLOW_USR
VALUES(3,1,'ALM1');

INSERT INTO ADQUISICIONES.ADM_WORKFLOW_USR
VALUES(2,2,'B');
INSERT INTO ADQUISICIONES.ADM_WORKFLOW_USR
VALUES(3,2,'ALM');

INSERT INTO ADQUISICIONES.ADM_WORKFLOW_USR
VALUES(2,3,'B');
INSERT INTO ADQUISICIONES.ADM_WORKFLOW_USR
VALUES(4,3,'PPTO');
INSERT INTO ADQUISICIONES.ADM_WORKFLOW_USR
VALUES(5,3,'ADQ');
INSERT INTO ADQUISICIONES.ADM_WORKFLOW_USR
VALUES(6,3,'JUR');

INSERT INTO ADQUISICIONES.ADM_WORKFLOW_USR
VALUES(2,4,'B');
INSERT INTO ADQUISICIONES.ADM_WORKFLOW_USR
VALUES(4,4,'PPTO');
INSERT INTO ADQUISICIONES.ADM_WORKFLOW_USR
VALUES(5,4,'ADQ');
INSERT INTO ADQUISICIONES.ADM_WORKFLOW_USR
VALUES(6,4,'JUR');

INSERT INTO ADQUISICIONES.ADM_WORKFLOW_USR
VALUES(2,5,'B');
INSERT INTO ADQUISICIONES.ADM_WORKFLOW_USR
VALUES(3,5,'ALM');
INSERT INTO ADQUISICIONES.ADM_WORKFLOW_USR
VALUES(4,5,'PPTO');
INSERT INTO ADQUISICIONES.ADM_WORKFLOW_USR
VALUES(5,5,'ADQ');
INSERT INTO ADQUISICIONES.ADM_WORKFLOW_USR
VALUES(6,5,'JUR');
INSERT INTO ADQUISICIONES.ADM_WORKFLOW_USR
VALUES(3,5,'ALM1');

INSERT INTO ADQUISICIONES.ADM_USR_APERT(COD_USUARIO,COD_APERT)
VALUES(2,'2012-01002040000005');
INSERT INTO ADQUISICIONES.ADM_USR_APERT(COD_USUARIO,COD_APERT)
VALUES(2,'2012-01002040000006');
INSERT INTO ADQUISICIONES.ADM_USR_APERT(COD_USUARIO,COD_APERT)
VALUES(2,'2012-01001030000005');
INSERT INTO ADQUISICIONES.ADM_USR_APERT(COD_USUARIO,COD_APERT)
VALUES(3,'2012-01002040000005');
INSERT INTO ADQUISICIONES.ADM_USR_APERT(COD_USUARIO,COD_APERT)
VALUES(3,'2012-01002040000006');
INSERT INTO ADQUISICIONES.ADM_USR_APERT(COD_USUARIO,COD_APERT)
VALUES(3,'2012-01001030000005');
INSERT INTO ADQUISICIONES.ADM_USR_APERT(COD_USUARIO,COD_APERT)
VALUES(4,'2012-01002040000005');
INSERT INTO ADQUISICIONES.ADM_USR_APERT(COD_USUARIO,COD_APERT)
VALUES(4,'2012-01002040000006');
INSERT INTO ADQUISICIONES.ADM_USR_APERT(COD_USUARIO,COD_APERT)
VALUES(4,'2012-01001030000005');
INSERT INTO ADQUISICIONES.ADM_USR_APERT(COD_USUARIO,COD_APERT)
VALUES(5,'2012-01002040000005');
INSERT INTO ADQUISICIONES.ADM_USR_APERT(COD_USUARIO,COD_APERT)
VALUES(5,'2012-01002040000006');
INSERT INTO ADQUISICIONES.ADM_USR_APERT(COD_USUARIO,COD_APERT)
VALUES(5,'2012-01001030000005');
INSERT INTO ADQUISICIONES.ADM_USR_APERT(COD_USUARIO,COD_APERT)
VALUES(6,'2012-01002040000005');
INSERT INTO ADQUISICIONES.ADM_USR_APERT(COD_USUARIO,COD_APERT)
VALUES(6,'2012-01002040000006');
INSERT INTO ADQUISICIONES.ADM_USR_APERT(COD_USUARIO,COD_APERT)
VALUES(6,'2012-01001030000005');